{
  "project_info": {
    "project_number": "1019644147915",
    "project_id": "gestionsolicitudes-430fe",
    "storage_bucket": "gestionsolicitudes-430fe.appspot.com"
  },
  "client": [
    {
      "client_info": {
        "mobilesdk_app_id": "1:1019644147915:android:8c6e31ced02e56d0a0034e",
        "android_client_info": {
          "package_name": "com.example.csti"
        }
      },
      "oauth_client": [],
      "api_key": [
        {
          "current_key": "AIzaSyC7LKfrJwze1qIHGDrRkJHZfVLNSE3Sye0"
        }
      ],
      "services": {
        "appinvite_service": {
          "other_platform_oauth_client": []
        }
      }
    }
  ],
  "configuration_version": "1"
}